<modification>
	<name>Rapido Shipping</name>
	<code>extensa_rapido</code>
	<version>2.3.5 for OpenCart 2.0.x - 2.3.x </version>
	<author>Extensa Web Development</author>
	<link>http://extensadev.com</link>

	<file path="admin/controller/sale/order.php"><!-- ALL -->
		<operation>
			<search><![CDATA[
$results = $this->model_sale_order->getOrders($filter_data);
			]]></search>
			<add position="after"><![CDATA[
$this->load->model('sale/rapido');

$tovaritelnica = array();

foreach ($results as $result) {
	$rapido_order = $this->model_sale_rapido->getOrder($result['order_id']);

	if ($rapido_order) {
		if ($rapido_order['tovaritelnica']) {
			$tovaritelnica[$result['order_id']][] = array(
				'text'   => $rapido_order['tovaritelnica'],
				'href'   => HTTPS_SERVER . 'index.php?route=sale/rapido/print_pdf&token=' . (isset($this->session->data['token']) ? $this->session->data['token'] : '') . '&order_id=' . $result['order_id'] . $url,
				'target' => '_blank'
			);
		} else {
			$tovaritelnica[$result['order_id']][] = array(
				'text' => $this->language->get('text_create_tovaritelnica'),
				'href' => HTTPS_SERVER . 'index.php?route=sale/rapido/create&token=' . (isset($this->session->data['token']) ? $this->session->data['token'] : '') . '&order_id=' . $result['order_id'] . $url
			);
		}
	}
}
			]]></add>
		</operation>
		<operation>
			<search><![CDATA[
'shipping_code' => $result['shipping_code'],
			]]></search>
			<add position="after"><![CDATA[
'tovaritelnica' => isset($tovaritelnica[$result['order_id']]) ? $tovaritelnica[$result['order_id']] : array(),
			]]></add>
		</operation>
		<operation>
			<search><![CDATA[
$data['column_action'] = $this->language->get('column_action');
			]]></search>
			<add position="before"><![CDATA[
$data['column_tovaritelnica'] = $this->language->get('column_tovaritelnica');
			]]></add>
		</operation>
		<operation>
			<search><![CDATA[
$data['shipping_code'] = $order_info['shipping_code'];
			]]></search>
			<add position="after"><![CDATA[
if (strpos($order_info['shipping_code'], 'rapido.') !== false) {
	$data['rapido_order_id_api'] = $this->request->get['order_id'];
} else {
	$data['rapido_order_id_api'] = 0;
}
			]]></add>
		</operation>
		<operation>
			<search><![CDATA[
$data['shipping_code'] = '';
			]]></search>
			<add position="after"><![CDATA[
$data['rapido_order_id_api'] = 0;
			]]></add>
		</operation>
	</file>

	<file path="admin/language/*/sale/order.php"><!-- ALL -->
		<operation>
			<search><![CDATA[
$_['text_history']
			]]></search>
			<add position="before"><![CDATA[
$_['text_create_tovaritelnica'] = 'Prepare a Pack';
			]]></add>
		</operation>
		<operation>
			<search><![CDATA[
$_['column_action']
			]]></search>
			<add position="before"><![CDATA[
$_['column_tovaritelnica'] = 'Bill Of Lading (Rapido)';
			]]></add>
		</operation>
	</file>

	<file path="admin/language/{bulgarian,bg}/sale/order.php"><!-- 2.0|2.1 && 2.2|2.3 -->
		<operation error="skip">
			<search><![CDATA[
$_['text_create_tovaritelnica'] = 'Prepare a Pack';
			]]></search>
			<add position="replace"><![CDATA[
$_['text_create_tovaritelnica'] = 'Създай товарителница';
			]]></add>
		</operation>
		<operation error="skip">
			<search><![CDATA[
$_['column_tovaritelnica'] = 'Bill Of Lading (Rapido)';
			]]></search>
			<add position="replace"><![CDATA[
$_['column_tovaritelnica'] = 'Товарителница (Рапидо)';
			]]></add>
		</operation>
	</file>

	<file path="admin/view/template/sale/order_list.tpl"><!-- ALL -->
		<operation>
			<search><![CDATA[
<td class="text-right"><?php echo $column_action; ?></td>
			]]></search>
			<add position="before"><![CDATA[
<td class="text-right"><?php echo $column_tovaritelnica; ?></td>
			]]></add>
		</operation>
		<operation>
			<search><![CDATA[
<td class="text-right"><a href="<?php echo $order['view']; ?>"
			]]></search>
			<add position="before"><![CDATA[
<td class="text-right"><?php foreach ($order['tovaritelnica'] as $tovaritelnica) { ?>
  [ <a href="<?php echo $tovaritelnica['href']; ?>" <?php if (!empty($tovaritelnica['target'])) { ?> target="<?php echo $tovaritelnica['target']; ?>"<?php } ?>><?php echo $tovaritelnica['text']; ?></a> ]
  <?php } ?></td>
			]]></add>
		</operation>

		<operation error="skip">
			<search><![CDATA[
<td class="text-center" colspan="8"><?php echo $text_no_results; ?></td>
			]]></search>
			<add position="replace"><![CDATA[
<td class="text-center" colspan="20"><?php echo $text_no_results; ?></td>
			]]></add>
		</operation>
		<operation error="skip">
			<search><![CDATA[
<td class="text-center" colspan="9"><?php echo $text_no_results; ?></td>
			]]></search>
			<add position="replace"><![CDATA[
<td class="text-center" colspan="20"><?php echo $text_no_results; ?></td>
			]]></add>
		</operation>
	</file>

	<file path="admin/controller/common/menu.php"><!-- 2.0|2.1 -->
		<operation error="skip">
			<search><![CDATA[
$data['text_zone']
			]]></search>
			<add position="before"><![CDATA[
$data['text_rapido'] = $this->language->get('text_rapido');
			]]></add>
		</operation>
		<operation error="skip">
			<search><![CDATA[
$data['zone']
			]]></search>
			<add position="before"><![CDATA[
$data['rapido'] = $this->url->link('sale/rapido', 'token=' . $this->session->data['token'], 'SSL');
			]]></add>
		</operation>
	</file>

	<file path="admin/language/*/common/menu.php"><!-- 2.0|2.1|2.2 -->
		<operation>
			<search><![CDATA[
$_['text_zone']
			]]></search>
			<add position="before"><![CDATA[
$_['text_rapido'] = 'Rapido Orders';
			]]></add>
		</operation>
	</file>

	<file path="admin/language/bulgarian/common/menu.php"><!-- 2.0|2.1 -->
		<operation error="skip">
			<search><![CDATA[
$_['text_rapido'] = 'Rapido Orders';
			]]></search>
			<add position="replace"><![CDATA[
$_['text_rapido'] = 'Рапидо поръчки';
			]]></add>
		</operation>
	</file>

	<file path="admin/view/template/common/menu.tpl"><!-- 2.0|2.1|2.2 -->
		<operation error="skip">
			<search><![CDATA[
<li><a href="<?php echo $order; ?>"><?php echo $text_order; ?></a></li>
			]]></search>
			<add position="after"><![CDATA[
<li><a href="<?php echo $rapido; ?>"><?php echo $text_rapido; ?></a></li>
			]]></add>
		</operation>
	</file>

	<file path="admin/model/sale/customer.php"><!-- 2.0 -->
		<operation error="skip">
			<search><![CDATA[
public function editCustomer
			]]></search>
			<add position="after"><![CDATA[
$this->db->query("DELETE FROM " . DB_PREFIX . "rapido_address WHERE customer_id = '" . (int)$customer_id . "'");
			]]></add>
		</operation>
		<operation error="skip">
			<search><![CDATA[
public function deleteCustomer
			]]></search>
			<add position="after"><![CDATA[
$this->db->query("DELETE FROM " . DB_PREFIX . "rapido_address WHERE customer_id = '" . (int)$customer_id . "'");
			]]></add>
		</operation>
	</file>

	<file path="catalog/controller/account/logout.php"><!-- ALL -->
		<operation>
			<search><![CDATA[
unset($this->session->data['order_id']);
			]]></search>
			<add position="after"><![CDATA[
unset($this->session->data['rapido']);
			]]></add>
		</operation>
	</file>

	<file path="catalog/controller/checkout/confirm.php"><!-- ALL -->
		<operation>
			<search><![CDATA[
public function index() {
			]]></search>
			<add position="before"><![CDATA[
public function __construct($registry) {
	parent::__construct($registry);
	require_once(DIR_SYSTEM . 'library/rapido.php');
	$this->rapido = new Rapido($registry);
}
			]]></add>
		</operation>
		<operation>
			<search><![CDATA[
$order_data['shipping_firstname'] = '';
			]]></search>
			<add position="before" offset="1"><![CDATA[
if (isset($this->session->data['shipping_method']) && strpos($this->session->data['shipping_method']['code'], 'rapido.') !== false) {
	$rapido_receiver_address = array();

	if (!$this->session->data['rapido']['take_office']) {
		if ($this->session->data['rapido']['quarter']) {
			$rapido_receiver_address[] = $this->session->data['rapido']['quarter'];
		}

		if ($this->session->data['rapido']['street']) {
			$rapido_receiver_address[] = $this->session->data['rapido']['street'];
		}

		if ($this->session->data['rapido']['street_no']) {
			$rapido_receiver_address[] = $this->language->get('text_street_no') . ' ' . $this->session->data['rapido']['street_no'];
		}

		if ($this->session->data['rapido']['block_no']) {
			$rapido_receiver_address[] = $this->language->get('text_block_no') . ' ' . $this->session->data['rapido']['block_no'];
		}

		if ($this->session->data['rapido']['entrance_no']) {
			$rapido_receiver_address[] = $this->language->get('text_entrance_no') . ' ' . $this->session->data['rapido']['entrance_no'];
		}

		if ($this->session->data['rapido']['floor_no']) {
			$rapido_receiver_address[] = $this->language->get('text_floor_no') . ' ' . $this->session->data['rapido']['floor_no'];
		}

		if ($this->session->data['rapido']['apartment_no']) {
			$rapido_receiver_address[] = $this->language->get('text_apartment_no') . ' ' . $this->session->data['rapido']['apartment_no'];
		}
	} else {
		$rapido_offices = $this->rapido->getOfficesCity($this->session->data['rapido']['city_id']);
		foreach ($rapido_offices as $rapido_office) {
			if ($rapido_office['id'] == $this->session->data['rapido']['office_id']) {
				$rapido_receiver_address[] = $rapido_office['label'];
			}
		}
	}

	if ($this->session->data['rapido']['additional_info']) {
		$rapido_receiver_address[] = $this->language->get('text_additional_info') . ' ' . $this->session->data['rapido']['additional_info'];
	}

	$country_iso = $this->rapido->getCountryIdByIso($this->session->data['rapido']['country_id']);

	$this->load->model('shipping/rapido');
	$country = $this->model_shipping_rapido->getCountryByISO($country_iso);

	$order_data['shipping_address_1'] = implode(', ', $rapido_receiver_address);
	$order_data['shipping_address_2'] = '';
	$order_data['shipping_city'] = $this->session->data['rapido']['city'];
	$order_data['shipping_postcode'] = $this->session->data['rapido']['postcode'];
	$order_data['shipping_country'] = $country['name'];
	$order_data['shipping_country_id'] = $country['country_id'];
}
			]]></add>
		</operation>
		<operation>
			<search><![CDATA[
$this->session->data['order_id'] = $this->model_checkout_order->addOrder($order_data);
			]]></search>
			<add position="after"><![CDATA[
if (isset($this->session->data['shipping_method']) && strpos($this->session->data['shipping_method']['code'], 'rapido.') !== false) {
	$shipping = explode('.', $this->session->data['shipping_method']['code']);
	$this->session->data['rapido']['shipping_method_id'] = $shipping[1];
	$this->session->data['rapido']['shipping_method_cost'] = $this->session->data['shipping_method']['cost'];
	$this->session->data['rapido']['shipping_method_title'] = $this->session->data['shipping_method']['title'];

	$this->load->model('shipping/rapido');
	$this->model_shipping_rapido->addOrder($this->session->data['order_id'], $this->session->data['rapido']);
}
			]]></add>
		</operation>
		<operation error="skip"><!-- 2.3 -->
			<search><![CDATA[$data['payment'] = $this->load->controller('extension/payment/' . $this->session->data['payment_method']['code']);]]></search>
			<add position="replace"><![CDATA[
			if(is_file(DIR_APPLICATION . 'controller/payment/' . $this->session->data['payment_method']['code'] . '.php')) {
				$data['payment'] = $this->load->controller('payment/' . $this->session->data['payment_method']['code']);
			} else {
				$data['payment'] = $this->load->controller('extension/payment/'  .  $this->session->data['payment_method']['code']);
			}
			]]></add>
		</operation>
	</file>

	<file path="catalog/language/*/checkout/checkout.php"><!-- ALL -->
		<operation>
			<search><![CDATA[
$_['text_comments']
			]]></search>
			<add position="before"><![CDATA[
$_['text_street_no'] = '№';
$_['text_block_no'] = 'Bl.';
$_['text_entrance_no'] = 'Ent.';
$_['text_floor_no'] = 'Fl.';
$_['text_apartment_no'] = 'Ap.';
$_['text_additional_info'] = 'Additional Info:';
			]]></add>
		</operation>
	</file>

	<file path="catalog/language/{bulgarian,bg}/checkout/checkout.php"><!-- 2.0|2.1 && 2.2|2.3 -->
		<operation error="skip">
			<search><![CDATA[
$_['text_block_no'] = 'Bl.';
			]]></search>
			<add position="replace"><![CDATA[
$_['text_block_no'] = 'бл.';
			]]></add>
		</operation>
		<operation error="skip">
			<search><![CDATA[
$_['text_entrance_no'] = 'Ent.';
			]]></search>
			<add position="replace"><![CDATA[
$_['text_entrance_no'] = 'вх.';
			]]></add>
		</operation>
		<operation error="skip">
			<search><![CDATA[
$_['text_floor_no'] = 'Fl.';
			]]></search>
			<add position="replace"><![CDATA[
$_['text_floor_no'] = 'ет.';
			]]></add>
		</operation>
		<operation error="skip">
			<search><![CDATA[
$_['text_apartment_no'] = 'Ap.';
			]]></search>
			<add position="replace"><![CDATA[
$_['text_apartment_no'] = 'ап.';
			]]></add>
		</operation>
		<operation error="skip">
			<search><![CDATA[
$_['text_additional_info'] = 'Additional Info:';
			]]></search>
			<add position="replace"><![CDATA[
$_['text_additional_info'] = 'допълнителни уточнения:';
			]]></add>
		</operation>
	</file>

	<file path="catalog/controller/checkout/shipping_method.php"><!-- ALL -->
		<operation>
			<search><![CDATA[
if (!isset($this->request->post['shipping_method'])) {
			]]></search>
			<add position="after" offset="2"><![CDATA[
if (strpos($this->request->post['shipping_method'], 'rapido.') !== false) {
	$this->load->model('shipping/rapido');

	$results = $this->model_shipping_rapido->getQuote(array('validate' => true));

	$this->session->data['shipping_methods']['rapido'] = $results;

	if (isset($this->session->data['shipping_methods']['rapido']['rapido_error'])) {
		$json['error']['warning'] = $this->session->data['shipping_methods']['rapido']['rapido_error'];
		$this->request->post['shipping_method'] = 'rapido.rapido';
	} else {
		$shipping = explode('.', $this->request->post['shipping_method']);

		if (!isset($shipping[0]) || !isset($shipping[1]) || !isset($this->session->data['shipping_methods'][$shipping[0]]['quote'][$shipping[1]]) || $this->request->post['shipping_method'] == 'rapido.rapido') {
			foreach ($this->session->data['shipping_methods']['rapido']['quote'] as $shipping_method) {
				$this->request->post['shipping_method'] = $shipping_method['code'];
				break;
			}
		}

		$shipping = explode('.', $this->request->post['shipping_method']);

		if (strpos($this->session->data['shipping_methods'][$shipping[0]]['quote'][$shipping[1]]['title'], '(') !== false) {
			$this->session->data['shipping_methods'][$shipping[0]]['quote'][$shipping[1]]['title'] = trim(strstr($this->session->data['shipping_methods'][$shipping[0]]['quote'][$shipping[1]]['title'], '(', true));
		}
	}
}
			]]></add>
		</operation>
	</file>

	<file path="catalog/controller/checkout/payment_method.php"><!-- ALL -->
		<operation>
			<search><![CDATA[
if (isset($this->session->data['payment_address'])
			]]></search>
			<add position="replace"><![CDATA[
if (isset($this->session->data['payment_address']) || isset($this->session->data['rapido'])
			]]></add>
		</operation>
		<operation>
			<search><![CDATA[
if ($method
			]]></search>
			<add position="replace"><![CDATA[
if ($method && ($method['code'] != 'rapido_cod' || ($this->cart->hasShipping() && $method['code'] == 'rapido_cod')) && (!isset($this->session->data['shipping_method']) || strpos($this->session->data['shipping_method']['code'], 'rapido.') !== false && $result['code'] == 'rapido_cod' && $this->session->data['rapido']['cod'] || strpos($this->session->data['shipping_method']['code'], 'rapido.') !== false && $result['code'] != 'rapido_cod' && !$this->session->data['rapido']['cod'] || strpos($this->session->data['shipping_method']['code'], 'rapido.') === false && $result['code'] != 'rapido_cod')
			]]></add>
		</operation>
		<operation error="skip"><!-- 2.3 -->
			<search><![CDATA[$this->load->model('extension/payment/' . $result['code']);]]></search>
			<add position="replace"><![CDATA[]]></add>
		</operation>
		<operation  error="skip"><!-- 2.3 -->
			<search><![CDATA[$method = $this->{'model_extension_payment_' . $result['code']}->getMethod($this->session->data['payment_address'], $total);]]></search>
			<add position="replace"><![CDATA[
					if(is_file(DIR_APPLICATION . 'model/payment/' . $result['code'] . '.php')) {
						$this->load->model('payment/' . $result['code']);
						$method = $this->{'model_payment_' . $result['code']}->getMethod($this->session->data['payment_address'], $total);
					} else {
						$this->load->model('extension/payment/'  .  $result['code']);
						$method = $this->{'model_extension_payment_' . $result['code']}->getMethod($this->session->data['payment_address'], $total);
					}
			]]></add>
		</operation>
	</file>

	<file path="catalog/controller/checkout/success.php"><!-- ALL -->
		<operation>
			<search><![CDATA[
unset($this->session->data['order_id']);
			]]></search>
			<add position="after"><![CDATA[
unset($this->session->data['rapido']);
			]]></add>
		</operation>
	</file>

	<file path="catalog/model/account/address.php"><!-- ALL -->
		<operation>
			<search><![CDATA[
public function editAddress
			]]></search>
			<add position="after"><![CDATA[
$this->db->query("DELETE FROM " . DB_PREFIX . "rapido_address WHERE address_id = '" . (int)$address_id . "' AND customer_id = '" . (int)$this->customer->getId() . "'");
			]]></add>
		</operation>
		<operation>
			<search><![CDATA[
public function deleteAddress
			]]></search>
			<add position="after"><![CDATA[
$this->db->query("DELETE FROM " . DB_PREFIX . "rapido_address WHERE address_id = '" . (int)$address_id . "' AND customer_id = '" . (int)$this->customer->getId() . "'");
			]]></add>
		</operation>
	</file>

	<file path="catalog/controller/account/order.php"><!-- ALL -->
		<operation>
			<search><![CDATA[
$data['histories'] = array();
			]]></search>
			<add position="before" offset="1"><![CDATA[
$this->load->model('shipping/rapido');

$rapido_order_info = $this->model_shipping_rapido->getOrder($this->request->get['order_id']);

$data['rapido_track'] = false;

if (!empty($rapido_order_info) && !empty($rapido_order_info['tovaritelnica'])) {
	$data['text_rapido_track'] = $this->language->get('text_rapido_track');

	$data['button_rapido_track'] = $this->language->get('button_rapido_track');
	$data['button_tracking_loading'] = $this->language->get('button_tracking_loading');

	$data['rapido_track'] = $rapido_order_info['tovaritelnica'];
}
			]]></add>
		</operation>
		<operation>
			<search><![CDATA[
public function info
			]]></search>
			<add position="before"><![CDATA[
public function rapidoTrack() {
	$this->load->language('account/order');

	$this->load->model('account/order');
	$this->load->model('shipping/rapido');

	$data['text_event_date'] = $this->language->get('text_event_date');
	$data['text_event'] = $this->language->get('text_event');
	$data['text_event_place'] = $this->language->get('text_event_place');
	$data['text_no_results'] = $this->language->get('text_no_results');

	if (isset($this->error['warning'])) {
		$data['error_warning'] = $this->error['warning'];
	} else {
		$data['error_warning'] = '';
	}

	$data['tracks'] = array();

	if (isset($this->request->get['order_id'])) {
		$order_info = $this->model_shipping_rapido->getOrder($this->request->get['order_id']);
		$rapido_order_info = $this->model_shipping_rapido->getOrder($this->request->get['order_id']);
	}

	if (!empty($order_info) && !empty($rapido_order_info) && !empty($rapido_order_info['tovaritelnica'])) {
		require_once(DIR_SYSTEM . 'library/rapido.php');
		$rapido = new Rapido($this->registry);
		$tracks = $rapido->track_order($rapido_order_info['tovaritelnica']);

		foreach ($tracks as $track) {
			$data['tracks'][] = array(
				'event_date'  => date($this->language->get('date_format_short') . ' ' . $this->language->get('time_format'), strtotime($track['DATA'])),
				'event'       => $track['STATUS'],
				'event_place' => $track['PLACE']
			);
		}

		if ($rapido->getError()) {
			$data['error_warning'] = $rapido->getError();
		}
	} else {
		$data['error_warning'] = $this->language->get('text_error');
	}

	$data['column_left'] = $this->load->controller('common/column_left');
	$data['column_right'] = $this->load->controller('common/column_right');
	$data['content_top'] = $this->load->controller('common/content_top');
	$data['content_bottom'] = $this->load->controller('common/content_bottom');
	$data['footer'] = $this->load->controller('common/footer');
	$data['header'] = $this->load->controller('common/header');

	if (file_exists(DIR_TEMPLATE . $this->config->get('config_template') . '/template/account/rapido_track.tpl')) {
		$this->response->setOutput($this->load->view($this->config->get('config_template') . '/template/account/rapido_track.tpl', $data));
	} else {
		$this->response->setOutput($this->load->view('default/template/account/rapido_track.tpl', $data));
	}
}
			]]></add>
		</operation>
	</file>

	<file path="catalog/language/*/account/order.php"><!-- ALL -->
		<operation>
			<search><![CDATA[
$_['text_error']
			]]></search>
			<add position="after"><![CDATA[
$_['text_rapido_track'] = 'Bill Of Lading Track:';
$_['text_event_date'] = 'Event Date';
$_['text_event'] = 'Action / Event';
$_['text_event_place'] = 'City / Office';
$_['text_no_results'] = 'No results!';
$_['button_rapido_track'] = 'Track';
$_['button_tracking_loading'] = 'Tracking...';
			]]></add>
		</operation>
	</file>

	<file path="catalog/language/bulgarian/account/order.php"><!-- 2.0|2.1 -->
		<operation error="skip">
			<search><![CDATA[
$_['text_rapido_track'] = 'Bill Of Lading Track:';
			]]></search>
			<add position="replace"><![CDATA[
$_['text_rapido_track'] = 'Тракинг (проследяване на товарителница):';
			]]></add>
		</operation>
		<operation error="skip">
			<search><![CDATA[
$_['text_event_date'] = 'Event Date';
			]]></search>
			<add position="replace"><![CDATA[
$_['text_event_date'] = 'Дата и час на събитие';
			]]></add>
		</operation>
		<operation error="skip">
			<search><![CDATA[
$_['text_event'] = 'Action / Event';
			]]></search>
			<add position="replace"><![CDATA[
$_['text_event'] = 'Действие / събитие';
			]]></add>
		</operation>
		<operation error="skip">
			<search><![CDATA[
$_['text_event_place'] = 'City / Office';
			]]></search>
			<add position="replace"><![CDATA[
$_['text_event_place'] = 'Населено място / Офис';
			]]></add>
		</operation>
		<operation error="skip">
			<search><![CDATA[
$_['text_no_results'] = 'No results!';
			]]></search>
			<add position="replace"><![CDATA[
$_['text_no_results'] = 'Няма резултати!';
			]]></add>
		</operation>
		<operation error="skip">
			<search><![CDATA[
$_['button_rapido_track'] = 'Track';
			]]></search>
			<add position="replace"><![CDATA[
$_['button_rapido_track'] = 'Тракинг';
			]]></add>
		</operation>
		<operation error="skip">
			<search><![CDATA[
$_['button_tracking_loading'] = 'Tracking...';
			]]></search>
			<add position="replace"><![CDATA[
$_['button_tracking_loading'] = 'Тракинг...';
			]]></add>
		</operation>
	</file>

	<file path="catalog/view/theme/*/template/account/order_info.tpl"><!-- ALL -->
		<operation>
			<search><![CDATA[
<div class="buttons clearfix">
			]]></search>
			<add position="before"><![CDATA[
<?php if ($rapido_track) { ?>
<h3><?php echo $text_rapido_track; ?> <?php echo $rapido_track; ?></h3>
<div id="rapido_track">
  <div class="buttons clearfix">
    <div class="pull-right"><a id="button-rapido-track" data-loading-text="<?php echo $button_tracking_loading; ?>" class="btn btn-primary"><?php echo $button_rapido_track; ?></a></div>
  </div>
</div>
<?php } ?>
			]]></add>
		</operation>
		<operation>
			<search><![CDATA[
<?php echo $footer; ?>
			]]></search>
			<add position="before"><![CDATA[
<script type="text/javascript"><!--
$('#button-rapido-track').bind('click', function() {
	$('#button-rapido-track').button('loading');

	$('#rapido_track').load('index.php?route=account/order/rapidoTrack&order_id=<?php echo $order_id; ?>', function() {
		$('#button-rapido-track').button('reset');
	});
});
//--></script>
			]]></add>
		</operation>
	</file>

	<file path="catalog/view/theme/*/template/checkout/shipping_method.tpl"><!-- ALL -->
		<operation>
			<search><![CDATA[
<p><strong><?php echo $text_comments; ?></strong></p>
			]]></search>
			<add position="before"><![CDATA[
<div id="rapido_container"></div>
			]]></add>
		</operation>
		<operation>
			<search><![CDATA[
id="button-shipping-method"
			]]></search>
			<add position="after" offset="1"><![CDATA[
<script type="text/javascript"><!--
var rapido_loaded = false;

$(document).ready(function() {
	if ($('[name="shipping_method"][value^="rapido."]:checked').length) {
		rapido($('[name="shipping_method"][value^="rapido."]:checked').prop('value'));
	}

	$('[name="shipping_method"]').not('[value^="rapido."]').click(function() {
		$('#rapido_container').hide();
	});

	$('[name="shipping_method"][value^="rapido."]').click(function() {
		rapido($(this).prop('value'));
	});
});

function rapido(rapido_id) {
	if (rapido_loaded) {
		$('#rapido_container').show();
	} else {
		$('#rapido_container').html('<div class="wait"><img src="catalog/view/theme/default/image/loading.gif" alt="" /></div>');

		$.ajax({
			url: 'index.php?route=shipping/rapido',
			dataType: 'json',
			success: function(data) {
				if (data) {
					if (data.redirect) {
						location = data.redirect;
					} else {
						$('#rapido_container').html(data.html);

						$('#rapido_cod_yes').click(function() {
							$('#rapido_cod').prop('checked', true);
							$('#rapido_cod').parent().parent().show();
							$('[name="payment_method"][value!="rapido_cod"]').parent().parent().hide();
						});

						$('#rapido_cod_no').click(function() {
							$('#rapido_cod').prop('checked', false);
							$('#rapido_cod').parent().parent().hide();
							$('[name="payment_method"][value!="rapido_cod"]').parent().parent().show();
						});

						if ($('#rapido_cod_yes:checked').length) {
							$('#rapido_cod_yes').click();
						} else {
							$('#rapido_cod_no').click();
						}

						rapido_loaded = true;
					}
				}
			}
		});
	}
}
//--></script>
			]]></add>
		</operation>
	</file>

	<file path="catalog/controller/api/shipping.php"><!-- ALL -->
		<operation>
			<search index="0"><![CDATA[
$json['shipping_methods'] = array();
			]]></search>
			<add position="before" offset="2"><![CDATA[
if (isset($this->request->get['rapido_order_id_api'])) {
	$this->load->model('shipping/rapido');

	$rapido_order = $this->model_shipping_rapido->getOrder($this->request->get['rapido_order_id_api']);

	if ($rapido_order) {
		$this->session->data['rapido'] = unserialize($rapido_order['data']);
	}
}
			]]></add>
		</operation>
	</file>

	<file path="admin/view/template/sale/order_form.tpl"><!-- 2.0 -->
		<operation error="skip">
			<search><![CDATA[
url: 'index.php?route=sale/order/api&token=<?php echo $token; ?>&api=api/shipping/methods&store_id=' + $('select[name=\'store_id\'] option:selected').val(),
			]]></search>
			<add position="replace"><![CDATA[
<?php if (!$rapido_order_id_api) { ?>
	url: 'index.php?route=sale/order/api&token=<?php echo $token; ?>&api=api/shipping/methods&store_id=' + $('select[name=\'store_id\'] option:selected').val(),
<?php } else { ?>
	url: 'index.php?route=sale/order/api&token=<?php echo $token; ?>&api=api/shipping/methods&store_id=' + $('select[name=\'store_id\'] option:selected').val() + '&rapido_order_id_api=<?php echo $rapido_order_id_api; ?>',
<?php } ?>
			]]></add>
		</operation>
	</file>

	<file path="admin/controller/extension/extension/shipping.php"><!-- 2.3 -->
		<operation error="skip">
			<search><![CDATA[$this->load->controller('extension/shipping/' . $this->request->get['extension'] . '/install');]]></search>
			<add position="replace"><![CDATA[
			if(is_file(DIR_APPLICATION . 'model/shipping/' . $this->request->get['extension'] . '.php')) {
				$this->load->controller('shipping/' . $this->request->get['extension'] . '/install');
			} else {
				$this->load->controller('extension/shipping/'  .  $this->request->get['extension'] . '/install'); // two spaces not to dublicate code
			}
			]]></add>
		</operation>
		<operation error="skip">
			<search><![CDATA[$this->load->controller('extension/shipping/' . $this->request->get['extension'] . '/uninstall');]]></search>
			<add position="replace"><![CDATA[
			if(is_file(DIR_APPLICATION . 'model/shipping/' . $this->request->get['extension'] . '.php')) {
				$this->load->controller('shipping/' . $this->request->get['extension'] . '/uninstall');
			} else {
				$this->load->controller('extension/shipping/'  .  $this->request->get['extension'] . '/uninstall'); // two spaces not to dublicate code
			}
			]]></add>
		</operation>
		<operation error="skip">
			<search><![CDATA[$this->url->link('extension/shipping/' . $extension, 'token=' . $this->session->data['token'], true)]]></search>
			<add position="replace"><![CDATA[is_file(DIR_APPLICATION . 'controller/shipping/' . $extension . '.php') ? $this->url->link('shipping/' . $extension, 'token=' . $this->session->data['token'], true) : $this->url->link('extension/shipping/'  .  $extension, 'token=' . $this->session->data['token'], true)]]></add>
		</operation>
	</file>

	<file path="admin/controller/extension/extension/payment.php"><!-- 2.3 -->
		<operation error="skip">
			<search><![CDATA[$this->url->link('extension/payment/' . $extension, 'token=' . $this->session->data['token'], true)]]></search>
			<add position="replace"><![CDATA[is_file(DIR_APPLICATION . 'controller/payment/'  .  $extension . '.php') ? $this->url->link('payment/' . $extension, 'token=' . $this->session->data['token'], true) : $this->url->link('extension/payment/'  .  $extension, 'token=' . $this->session->data['token'], true)]]></add>
		</operation>
	</file>

	<file path="admin/language/*/common/column_left.php"><!-- 2.2|2.3 -->
		<operation error="skip">
			<search><![CDATA['Other Statuses';]]></search>
			<add position="after"><![CDATA[$_['text_rapido'] = 'Rapido Orders';]]></add>
		</operation>
	</file>

	<file path="admin/language/bg/common/column_left.php"><!-- 2.2|2.3 -->
		<operation error="skip">
			<search><![CDATA[
$_['text_rapido'] = 'Rapido Orders';
			]]></search>
			<add position="replace"><![CDATA[
$_['text_rapido'] = 'Рапидо поръчки';
			]]></add>
		</operation>
	</file>

	<file path="admin/controller/common/column_left.php"><!-- 2.2|2.3 -->
		<operation error="skip">
			<search><![CDATA[if ($this->user->hasPermission('access', 'sale/order')) {]]></search>
			<add position="before"><![CDATA[
				$sale[] = array(
					'name'     => $this->language->get('text_rapido'),
					'href'     => $this->url->link('sale/rapido', 'token=' . $this->session->data['token'], true),
					'children' => array()
				);
			]]></add>
		</operation>
	</file>


</modification>